Workbook

Sheet Инструкции
A1: МИС — инструмент за риска (инвентаризация, оценка на риска, план за третиране)
A3: Ред на попълване: 1) Регистър на активите → 2) Регистър на риска → 3) План за третиране.
A5: Цветове:
A6: • Жълтите клетки ги попълваш ти.
A7: • Сивите се изчисляват автоматично — НЕ ги пипай (Риск, Ниво, Приемлив, Остатъчен риск, Първонач. риск в плана).
A8: • Редовете с „◄ ПРИМЕР“ в "Забележка" са образци — изтрий целите редове, преди да качиш в git
A10: Правила, които се проверяват:
A11: • Собственикът на актив е ДЛЪЖНОСТ, не име на човек.
A12: • Въздействието е НАЙ-ВИСОКОТО от четирите измерения (работа, данни, финанси/право, репутация), не средното. Виж лист „Скали“.
A13: • Риск апетитът е ЧИСЛО (лист „Скали“, клетка B1, по подразбиране 9). Можеш да го смениш, но с обосновка за сектора на фирмата.
A14: • Всеки риск сочи конкретен A-ID и има едновременно заплаха И уязвимост. „Хакерска атака“ не е риск.
A15: • Стойностите трябва да имат дистрибуция — ако всичко е 5 или всичко е 1, не е оценявано.
... A22: Минимум за предаване: ≥12 актива, ≥12 оценени риска, план за третиране на всички неприемливи рискове.

Sheet Скали
A1: РИСК АПЕТИТ (число, по подразбиране 9 — сменя се с обосновка): | B1: 9
A2: Всичко с риск НАД тази стойност е неприемливо и влиза в План за третиране.
A4: СКАЛА ЗА ВЕРОЯТНОСТ (1–5, по честота)
A5: 1 Много ниска | B5: по-рядко от веднъж на 10 години, теоретично
A6: 2 Ниска | B6: веднъж на няколко години в сектора
A7: 3 Средна | B7: веднъж на няколко години в подобна организация
A8: 4 Висока | B8: очаква се при текущата защита, поне веднъж годишно
A9: 5 Много висока | B9: вече се случва или опити постоянно
A11: СКАЛА ЗА ВЪЗДЕЙСТВИЕ (1–5) — взима се НАЙ-ВИСОКОТО от 4-те измерения
A12: Ниво | B12: Работа на услугата | C12: Данни | D12: Финанси и право | E12: Репутация
A13: 1 Нищожно | B13: без забележимо прекъсване | C13: без загуба/разкриване | D13: пренебрежими разходи | E13: без отзвук
A14: 2 Малко | B14: прекъсване до половин ден за част | C14: възстановимо от архив | D14: в рамките на бюджета | E14: отделни оплаквания
A15: 3 Средно | B15: до един ден на основна услуга | C15: загуба до RPO/вътрешна инфо | D15: неустойки, извънредни разходи | E15: локална публичност
A16: 4 Голямо | B16: над ден или всички потребители | C16: лични/поверителни данни | D16: надзорен орган, санкции | E16: национална публичност
A17: 5 Критично | B17: спиране, живот и здраве, КИ | C17: масово/невъзстановимо | D17: лиценз, наказателна отг. | E17: трайна загуба на доверие
A19: НИВА НА РИСК (вероятност × въздействие)
A20: Ниво | B20: Стойност | C20: Цвят | D20: Срок за третиране
A21: Нисък | B21: 1–4 | D21: приема се / наблюдава се
A22: Умерен | B22: 5–9 | D22: наблюдава се
A23: Висок | B23: 10–15 | D23: третира се до 90 дни
A24: Критичен | B24: 16–25 | D24: третира се до 30 дни, временна мярка до 7 дни
A26: ВАРИАНТИ ЗА ТРЕТИРАНЕ
A27: Намаляване | B27: контрол, който сваля вероятността или въздействието
A28: Прехвърляне | B28: застраховка или договорна клауза; какво остава непрехвърлено
A29: Избягване | B29: спиране на дейността, която носи риска
A30: Приемане | B30: рискът е под апетита или третирането струва повече от щетата; кой приема, с длъжност и дата

Sheet Регистър на активите
A1: A-ID | B1: Наименование | C1: Тип | D1: Собственик (длъжност) | E1: Оператор | F1: Класификация | G1: Локация | H1: Зависимости | I1: Забележка
A2: A-01 | B2: Маршрутна система и GPS портал (порт 8888) | C2: софтуер | D2: Ръководител диспечерски отдел | E2: HQ администратор | F2: поверителна | G2: София Dispatch 10.20.0.10, LAN-HQ | H2: A-04, A-05, A-08, A-13 | I2: свързан с R-01, R-02, R-16
A3: A-02 | B3: Данни за маршрути, товари и клиенти | C3: информация | D3: Оперативен директор | E3: HQ администратор | F3: поверителна | G3: База данни на A-04 | H3: A-01, A-04, A-12 | I3: свързан с R-04, R-15
A4: A-03 | B4: GPS тракери в камионите | C4: хардуер | D4: Ръководител автопарк | E4: Доставчик на GPS платформа | F4: вътрешна | G4: Превозните средства; мобилна мрежа | H4: A-01, A-08 | I4: свързан с R-07, R-16
A5: A-04 | B5: Сървър София Dispatch | C5: хардуер | D5: Ръководител ИТ | E5: HQ администратор | F5: поверителна | G5: Сървърно помещение София, 10.20.0.10 | H5: A-05, A-16 | I5: свързан с R-14
A6: A-05 | B6: София Gateway – NAT рутер / firewall | C6: мрежа | D6: Ръководител ИТ | E6: HQ администратор | F6: вътрешна | G6: София, 10.20.0.1 / 192.168.1.1 | H6: A-08, A-16 | I6: единствен изход към интернет; R-06
A7: A-06 | B7: Складова система (порт 9000) | C7: софтуер | D7: Ръководител складове | E7: HQ администратор | F7: вътрешна | G7: Стара Загора 10.22.0.30, Шумен 10.23.0.30 | H7: A-07, A-08 | I7: свързан с R-05, R-12
A8: A-07 | B8: Складови данни – наличности и движение на стоки | C8: информация | D8: Ръководител складове | E8: Складов работник | F8: вътрешна | G8: Бази данни на A-06 | H8: A-06, A-12 | I8: —
A9: A-08 | B9: Свързаност между обектите (WAN / интернет доставчик) | C9: мрежа | D9: Управител | E9: HQ администратор | F9: вътрешна | G9: София, Пловдив, Стара Загора, Шумен | H9: A-05 | I9: външен доставчик
A10: A-09 | B10: Диспечерски терминал Пловдив | C10: хардуер | D10: Ръководител диспечерски отдел | E10: Диспечер | F10: вътрешна | G10: Пловдив, 10.21.0.20 | H10: A-01, A-08 | I10: свързан с R-13
A11: A-10 | B11: Работни станции на диспечерите в София | C11: хардуер | D11: Ръководител диспечерски отдел | E11: Диспечер | F11: вътрешна | G11: София, LAN-HQ | H11: A-01, A-05, A-11 | I11: свързан с R-03
A12: A-11 | B12: Електронна поща и домейн на фирмата | C12: услуга | D12: Управител | E12: HQ администратор | F12: вътрешна | G12: облак / доставчик на поща | H12: A-08 | I12: свързан с R-09
... A18: A-17 | B18: Лични данни на шофьорите (вкл. GPS местоположение) | C18: информация | D18: Управител | E18: HQ администратор | F18: строго поверителна | G18: A-01 / A-02 | H18: A-01, A-03 | I18: GDPR; свързан с R-07, R-08

Sheet Регистър на риска
A1: R-ID | B1: A-ID | C1: Заплаха ( MITTRE ATT&CK техника) | D1: Уязвимост | E1: Сценарий (изречение) | F1: Съществуващи контроли | G1: P | H1: I | I1: Риск | J1: Ниво | K1: Приемлив | L1: Третиране | M1: Отговорник (длъжност) | N1: Срок | O1: Час | P1: Остат. P | Q1: Остат. I | R1: Остат. риск | S1: Доказателство
A2: R-01 | B2: A-01 | C2: T1190 Exploit Public-Facing Application | D2: Остаряла версия на уеб сървъра (Apache 2.4.49) с публично известни уязвимости, без WAF | E2: Външен нападател използва известна уязвимост в портала и спира диспечерската дейност. | F2: NAT/firewall, публикуван е само порт 8888 | G2: 4 | H2: 5 | I2: =IF(OR(G2="",H2=""),"",G2*H2) -> 20 | J2: =IF(I2="","",IF(I2<=4,"нисък",IF(I2<=9,"умерен",IF(I2<=15,"висок","критичен")))) -> критичен | K2: =IF(I2="","",IF(I2<=Скали!$B$1,"да","не")) -> не | L2: намаляване | M2: Ръководител ИТ | N2: 30 дни (временна мярка до 7 дни) | P2: 2 | Q2: 4 | R2: =IF(OR(P2="",Q2=""),"",P2*Q2) -> 8 | S2: artefakti/s02-razuznavane/nmap.txt (преди); отчет след обновяване
A3: R-02 | B3: A-01, A-13 | C3: T1110.003 Password Spraying | D3: Входът в портала е само с парола, без MFA и без заключване след неуспешни опити | E3: Нападател отгатва парола на диспечер и получава достъп до маршрутите и клиентите. | F3: Изискване за сложност на паролата | G3: 5 | H3: 4 | I3: =IF(OR(G3="",H3=""),"",G3*H3) -> 20 | J3: =IF(I3="","",IF(I3<=4,"нисък",IF(I3<=9,"умерен",IF(I3<=15,"висок","критичен")))) -> критичен | K3: =IF(I3="","",IF(I3<=Скали!$B$1,"да","не")) -> не | L3: намаляване | M3: Ръководител ИТ | N3: 30 дни (временна мярка до 7 дни) | P3: 1 | Q3: 4 | R3: =IF(OR(P3="",Q3=""),"",P3*Q3) -> 4
A4: R-03 | B4: A-10, A-14 | C4: T1566.001 Spearphishing Attachment | D4: Няма обучение на диспечерите, прикачени файлове не се филтрират | E4: Диспечер отваря заразен прикачен файл и компютърът му е компрометиран. | F4: Антивирус на работните станции | G4: 4 | H4: 4 | I4: =IF(OR(G4="",H4=""),"",G4*H4) -> 16 | J4: =IF(I4="","",IF(I4<=4,"нисък",IF(I4<=9,"умерен",IF(I4<=15,"висок","критичен")))) -> критичен | K4: =IF(I4="","",IF(I4<=Скали!$B$1,"да","не")) -> не | L4: намаляване | M4: Ръководител диспечерски отдел | N4: 30 дни (временна мярка до 7 дни) | P4: 2 | Q4: 4 | R4: =IF(OR(P4="",Q4=""),"",P4*Q4) -> 8
A5: R-04 | B5: A-02 | C5: T1486 Data Encrypted for Impact | D5: Резервните копия са на същия сървър, не са офлайн и не са тествани | E5: Рансъмуер криптира базата с маршрути и клиенти и няма от какво да се възстанови. | F5: Ежеседмично копие на същия диск | G5: 3 | H5: 5 | I5: =IF(OR(G5="",H5=""),"",G5*H5) -> 15 | J5: =IF(I5="","",IF(I5<=4,"нисък",IF(I5<=9,"умерен",IF(I5<=15,"висок","критичен")))) -> висок | K5: =IF(I5="","",IF(I5<=Скали!$B$1,"да","не")) -> не | L5: намаляване | M5: Ръководител ИТ | N5: 90 дни | P5: 3 | Q5: 2 | R5: =IF(OR(P5="",Q5=""),"",P5*Q5) -> 6
A6: R-05 | B6: A-06 | C6: T1021.004 Remote Services: SSH | D6: Липсва сегментация между складовете и останалите обекти | E6: Компрометиран компютър в склад се използва за достъп до сървърите в София. | F6: Няма | G6: 3 | H6: 4 | I6: =IF(OR(G6="",H6=""),"",G6*H6) -> 12 | J6: =IF(I6="","",IF(I6<=4,"нисък",IF(I6<=9,"умерен",IF(I6<=15,"висок","критичен")))) -> висок | K6: =IF(I6="","",IF(I6<=Скали!$B$1,"да","не")) -> не | L6: намаляване | M6: Ръководител ИТ | N6: 90 дни | P6: 1 | Q6: 4 | R6: =IF(OR(P6="",Q6=""),"",P6*Q6) -> 4
A7: R-06 | B7: A-05, A-08 | C7: T1498 Network Denial of Service | D7: Един изход към интернет през един Gateway, без DDoS защита | E7: Претоварване на интернет връзката в София спира диспечерите и Пловдив. | F7: Няма | G7: 3 | H7: 4 | I7: =IF(OR(G7="",H7=""),"",G7*H7) -> 12 | J7: =IF(I7="","",IF(I7<=4,"нисък",IF(I7<=9,"умерен",IF(I7<=15,"висок","критичен")))) -> висок | K7: =IF(I7="","",IF(I7<=Скали!$B$1,"да","не")) -> не | L7: намаляване | M7: Управител | N7: 90 дни | P7: 2 | Q7: 3 | R7: =IF(OR(P7="",Q7=""),"",P7*Q7) -> 6
A8: R-07 | B8: A-03, A-17 | C8: T1557 Adversary-in-the-Middle | D8: Тракерите изпращат данни без криптиране | E8: Трето лице прихваща данни за местоположението на камионите. | F8: Мобилна мрежа на оператора | G8: 2 | H8: 4 | I8: =IF(OR(G8="",H8=""),"",G8*H8) -> 8 | J8: =IF(I8="","",IF(I8<=4,"нисък",IF(I8<=9,"умерен",IF(I8<=15,"висок","критичен")))) -> умерен | K8: =IF(I8="","",IF(I8<=Скали!$B$1,"да","не")) -> да | L8: приемане | M8: Управител | N8: — | P8: 2 | Q8: 4 | R8: =IF(OR(P8="",Q8=""),"",P8*Q8) -> 8
A9: R-08 | B9: A-13, A-17 | C9: T1078 Valid Accounts | D9: Няма процедура при напускане, има общи акаунти | E9: Напуснал служител с активен акаунт изнася данни за шофьорите. | F9: Няма | G9: 3 | H9: 4 | I9: =IF(OR(G9="",H9=""),"",G9*H9) -> 12 | J9: =IF(I9="","",IF(I9<=4,"нисък",IF(I9<=9,"умерен",IF(I9<=15,"висок","критичен")))) -> висок | K9: =IF(I9="","",IF(I9<=Скали!$B$1,"да","не")) -> не | L9: намаляване | M9: Управител | N9: 90 дни | P9: 1 | Q9: 4 | R9: =IF(OR(P9="",Q9=""),"",P9*Q9) -> 4
A10: R-09 | B10: A-11 | C10: T1656 Impersonation | D10: Домейнът няма DMARC, няма процедура за проверка при смяна на банкова сметка | E10: Измамник се представя за доставчик и счетоводството плаща по фалшива сметка. | F10: Няма | G10: 3 | H10: 4 | I10: =IF(OR(G10="",H10=""),"",G10*H10) -> 12 | J10: =IF(I10="","",IF(I10<=4,"нисък",IF(I10<=9,"умерен",IF(I10<=15,"висок","критичен")))) -> висок | K10: =IF(I10="","",IF(I10<=Скали!$B$1,"да","не")) -> не | L10: намаляване | M10: Управител | N10: 90 дни | P10: 1 | Q10: 4 | R10: =IF(OR(P10="",Q10=""),"",P10*Q10) -> 4
A11: R-10 | B11: A-12 | C11: T1490 Inhibit System Recovery | D11: Резервните копия са достъпни със същите администраторски права | E11: При компрометиране се изтриват и резервните копия. | F11: Няма | G11: 2 | H11: 5 | I11: =IF(OR(G11="",H11=""),"",G11*H11) -> 10 | J11: =IF(I11="","",IF(I11<=4,"нисък",IF(I11<=9,"умерен",IF(I11<=15,"висок","критичен")))) -> висок | K11: =IF(I11="","",IF(I11<=Скали!$B$1,"да","не")) -> не | L11: намаляване | M11: Ръководител ИТ | N11: 90 дни | P11: 1 | Q11: 5 | R11: =IF(OR(P11="",Q11=""),"",P11*Q11) -> 5
A12: R-11 | B12: A-13, A-15 | C12: T1552.001 Credentials In Files | D12: Администраторските пароли се пазят в текстов файл | E12: Изтекли администраторски пароли дават пълен контрол над мрежата. | F12: Няма | G12: 2 | H12: 5 | I12: =IF(OR(G12="",H12=""),"",G12*H12) -> 10 | J12: =IF(I12="","",IF(I12<=4,"нисък",IF(I12<=9,"умерен",IF(I12<=15,"висок","критичен")))) -> висок | K12: =IF(I12="","",IF(I12<=Скали!$B$1,"да","не")) -> не | L12: намаляване | M12: Ръководител ИТ | N12: 90 дни | P12: 1 | Q12: 5 | R12: =IF(OR(P12="",Q12=""),"",P12*Q12) -> 5
A13: R-12 | B13: A-06 | C13: T1210 Exploitation of Remote Services | D13: Складовият софтуер се обновява рядко | E13: Уязвимост в складовата система спира работата на един склад. | F13: Достъпен само в складовата мрежа | G13: 2 | H13: 3 | I13: =IF(OR(G13="",H13=""),"",G13*H13) -> 6 | J13: =IF(I13="","",IF(I13<=4,"нисък",IF(I13<=9,"умерен",IF(I13<=15,"висок","критичен")))) -> умерен | K13: =IF(I13="","",IF(I13<=Скали!$B$1,"да","не")) -> да | L13: приемане | M13: Управител | N13: — | P13: 2 | Q13: 3 | R13: =IF(OR(P13="",Q13=""),"",P13*Q13) -> 6
A14: R-13 | B14: A-09 | C14: T1091 Replication Through Removable Media | D14: USB носителите не са ограничени | E14: Заразена флашка компрометира терминала в Пловдив. | F14: Антивирус | G14: 2 | H14: 3 | I14: =IF(OR(G14="",H14=""),"",G14*H14) -> 6 | J14: =IF(I14="","",IF(I14<=4,"нисък",IF(I14<=9,"умерен",IF(I14<=15,"висок","критичен")))) -> умерен | K14: =IF(I14="","",IF(I14<=Скали!$B$1,"да","не")) -> да | L14: приемане | M14: Управител | N14: — | P14: 2 | Q14: 3 | R14: =IF(OR(P14="",Q14=""),"",P14*Q14) -> 6
... A17: R-16 | B17: A-01, A-03 | C17: T1195.002 Compromise Software Supply Chain | D17: Няма изисквания за сигурност в договора с доставчика на GPS платформата | E17: Компрометирано обновяване от доставчика спира проследяването на камионите. | F17: Няма | G17: 2 | H17: 5 | I17: =IF(OR(G17="",H17=""),"",G17*H17) -> 10 | J17: =IF(I17="","",IF(I17<=4,"нисък",IF(I17<=9,"умерен",IF(I17<=15,"висок","критичен")))) -> висок | K17: =IF(I17="","",IF(I17<=Скали!$B$1,"да","не")) -> не | L17: прехвърляне | M17: Управител | N17: 90 дни | P17: 2 | Q17: 4 | R17: =IF(OR(P17="",Q17=""),"",P17*Q17) -> 8
I18: =IF(OR(G18="",H18=""),"",G18*H18) | J18: =IF(I18="","",IF(I18<=4,"нисък",IF(I18<=9,"умерен",IF(I18<=15,"висок","критичен")))) | K18: =IF(I18="","",IF(I18<=Скали!$B$1,"да","не")) | R18: =IF(OR(P18="",Q18=""),"",P18*Q18)
I19: =IF(OR(G19="",H19=""),"",G19*H19) | J19: =IF(I19="","",IF(I19<=4,"нисък",IF(I19<=9,"умерен",IF(I19<=15,"висок","критичен")))) | K19: =IF(I19="","",IF(I19<=Скали!$B$1,"да","не")) | R19: =IF(OR(P19="",Q19=""),"",P19*Q19)
I20: =IF(OR(G20="",H20=""),"",G20*H20) | J20: =IF(I20="","",IF(I20<=4,"нисък",IF(I20<=9,"умерен",IF(I20<=15,"висок","критичен")))) | K20: =IF(I20="","",IF(I20<=Скали!$B$1,"да","не")) | R20: =IF(OR(P20="",Q20=""),"",P20*Q20)
I21: =IF(OR(G21="",H21=""),"",G21*H21) | J21: =IF(I21="","",IF(I21<=4,"нисък",IF(I21<=9,"умерен",IF(I21<=15,"висок","критичен")))) | K21: =IF(I21="","",IF(I21<=Скали!$B$1,"да","не")) | R21: =IF(OR(P21="",Q21=""),"",P21*Q21)
I22: =IF(OR(G22="",H22=""),"",G22*H22) | J22: =IF(I22="","",IF(I22<=4,"нисък",IF(I22<=9,"умерен",IF(I22<=15,"висок","критичен")))) | K22: =IF(I22="","",IF(I22<=Скали!$B$1,"да","не")) | R22: =IF(OR(P22="",Q22=""),"",P22*Q22)
I23: =IF(OR(G23="",H23=""),"",G23*H23) | J23: =IF(I23="","",IF(I23<=4,"нисък",IF(I23<=9,"умерен",IF(I23<=15,"висок","критичен")))) | K23: =IF(I23="","",IF(I23<=Скали!$B$1,"да","не")) | R23: =IF(OR(P23="",Q23=""),"",P23*Q23)
I24: =IF(OR(G24="",H24=""),"",G24*H24) | J24: =IF(I24="","",IF(I24<=4,"нисък",IF(I24<=9,"умерен",IF(I24<=15,"висок","критичен")))) | K24: =IF(I24="","",IF(I24<=Скали!$B$1,"да","не")) | R24: =IF(OR(P24="",Q24=""),"",P24*Q24)
I25: =IF(OR(G25="",H25=""),"",G25*H25) | J25: =IF(I25="","",IF(I25<=4,"нисък",IF(I25<=9,"умерен",IF(I25<=15,"висок","критичен")))) | K25: =IF(I25="","",IF(I25<=Скали!$B$1,"да","не")) | R25: =IF(OR(P25="",Q25=""),"",P25*Q25)
I26: =IF(OR(G26="",H26=""),"",G26*H26) | J26: =IF(I26="","",IF(I26<=4,"нисък",IF(I26<=9,"умерен",IF(I26<=15,"висок","критичен")))) | K26: =IF(I26="","",IF(I26<=Скали!$B$1,"да","не")) | R26: =IF(OR(P26="",Q26=""),"",P26*Q26)
I27: =IF(OR(G27="",H27=""),"",G27*H27) | J27: =IF(I27="","",IF(I27<=4,"нисък",IF(I27<=9,"умерен",IF(I27<=15,"висок","критичен")))) | K27: =IF(I27="","",IF(I27<=Скали!$B$1,"да","не")) | R27: =IF(OR(P27="",Q27=""),"",P27*Q27)
I28: =IF(OR(G28="",H28=""),"",G28*H28) | J28: =IF(I28="","",IF(I28<=4,"нисък",IF(I28<=9,"умерен",IF(I28<=15,"висок","критичен")))) | K28: =IF(I28="","",IF(I28<=Скали!$B$1,"да","не")) | R28: =IF(OR(P28="",Q28=""),"",P28*Q28)
I29: =IF(OR(G29="",H29=""),"",G29*H29) | J29: =IF(I29="","",IF(I29<=4,"нисък",IF(I29<=9,"умерен",IF(I29<=15,"висок","критичен")))) | K29: =IF(I29="","",IF(I29<=Скали!$B$1,"да","не")) | R29: =IF(OR(P29="",Q29=""),"",P29*Q29)
... I210: =IF(OR(G210="",H210=""),"",G210*H210) | J210: =IF(I210="","",IF(I210<=4,"нисък",IF(I210<=9,"умерен",IF(I210<=15,"висок","критичен")))) | K210: =IF(I210="","",IF(I210<=Скали!$B$1,"да","не")) | R210: =IF(OR(P210="",Q210=""),"",P210*Q210)

Sheet План за третиране
A1: R-ID | B1: A-ID (актив) | C1: Кратко описание на риска | D1: Първонач. риск | E1: Вариант за третиране | F1: Планиран контрол | G1: Annex A код | H1: Отговорник (длъжност) | I1: Срок | J1: Час от курса | K1: Статус | L1: Остат. В | M1: Остат. Въ | N1: Остат. риск | O1: Доказателство / артефакт
A2: R-01 | B2: A-01 | C2: Компрометиране на маршрутния портал през остаряла версия на уеб сървъра | D2: =IFERROR(INDEX('Регистър на риска'!$I:$I,MATCH(A2,'Регистър на риска'!$A:$A,0)),"") -> 20 | E2: намаляване | F2: M1051 обновяване до поддържана версия; M1050 reverse proxy + WAF (OWASP CRS); M1016 месечно сканиране за уязвимости | G2: A.8.8, A.8.23, A.8.26 | H2: Ръководител ИТ | I2: 30 дни (временна мярка до 7 дни) | K2: планиран | L2: 2 | M2: 4 | N2: =IF(OR(L2="",M2=""),"",L2*M2) -> 8 | O2: artefakti/s02-razuznavane/nmap.txt (преди); отчет след обновяване
A3: R-02 | B3: A-01, A-13 | C3: Неоторизиран достъп до портала чрез слаби пароли | D3: =IFERROR(INDEX('Регистър на риска'!$I:$I,MATCH(A3,'Регистър на риска'!$A:$A,0)),"") -> 20 | E3: намаляване | F3: M1032 MFA (TOTP) за всички потребители; M1036 заключване на акаунта след 5 опита; M1027 политика за пароли | G3: A.8.5, A.5.17 | H3: Ръководител ИТ | I3: 30 дни (временна мярка до 7 дни) | K3: планиран | L3: 1 | M3: 4 | N3: =IF(OR(L3="",M3=""),"",L3*M3) -> 4
A4: R-03 | B4: A-10, A-14 | C4: Компрометиране на работна станция чрез фишинг | D4: =IFERROR(INDEX('Регистър на риска'!$I:$I,MATCH(A4,'Регистър на риска'!$A:$A,0)),"") -> 16 | E4: намаляване | F4: M1017 годишно обучение + фишинг симулации; M1049 филтриране на прикачени файлове; M1054 SPF/DKIM/DMARC | G4: A.6.3, A.8.7, A.8.23 | H4: Ръководител диспечерски отдел | I4: 30 дни (временна мярка до 7 дни) | J4: — | K4: планиран | L4: 2 | M4: 4 | N4: =IF(OR(L4="",M4=""),"",L4*M4) -> 8
A5: R-04 | B5: A-02 | C5: Загуба на оперативните данни при рансъмуер | D5: =IFERROR(INDEX('Регистър на риска'!$I:$I,MATCH(A5,'Регистър на риска'!$A:$A,0)),"") -> 15 | E5: намаляване | F5: M1053 резервни копия 3-2-1 (едно офлайн, едно в Пловдив); тест на възстановяването всяко тримесечие | G5: A.8.13, A.5.30 | H5: Ръководител ИТ | I5: 90 дни | J5: — | K5: планиран | L5: 3 | M5: 2 | N5: =IF(OR(L5="",M5=""),"",L5*M5) -> 6
A6: R-05 | B6: A-06 | C6: Разпространение от склад към централата | D6: =IFERROR(INDEX('Регистър на риска'!$I:$I,MATCH(A6,'Регистър на риска'!$A:$A,0)),"") -> 12 | E6: намаляване | F6: M1030 сегментация с nftables по изискванията за филтриране; M1037 само порт 9000 между складовете | G6: A.8.22, A.8.20 | H6: Ръководител ИТ | I6: 90 дни | K6: планиран | L6: 1 | M6: 4 | N6: =IF(OR(L6="",M6=""),"",L6*M6) -> 4
A7: R-06 | B7: A-05, A-08 | C7: Прекъсване на диспечерската услуга при DoS | D7: =IFERROR(INDEX('Регистър на риска'!$I:$I,MATCH(A7,'Регистър на риска'!$A:$A,0)),"") -> 12 | E7: намаляване | F7: M1037 DDoS защита от доставчика и rate limiting; резервна LTE връзка | G7: A.8.6, A.8.20 | H7: Управител | I7: 90 дни | K7: планиран | L7: 2 | M7: 3 | N7: =IF(OR(L7="",M7=""),"",L7*M7) -> 6
A8: R-07 | B8: A-03, A-17 | C8: Прихващане на GPS данни от тракерите | D8: =IFERROR(INDEX('Регистър на риска'!$I:$I,MATCH(A8,'Регистър на риска'!$A:$A,0)),"") -> 8 | E8: приемане | F8: — (приет от управителя на 14.10.2026; преглед при смяна на тракерите) | G8: — | H8: Управител | I8: — | J8: — | K8: приет | L8: 2 | M8: 4 | N8: =IF(OR(L8="",M8=""),"",L8*M8) -> 8
A9: R-08 | B9: A-13, A-17 | C9: Злоупотреба с акаунт на напуснал служител | D9: =IFERROR(INDEX('Регистър на риска'!$I:$I,MATCH(A9,'Регистър на риска'!$A:$A,0)),"") -> 12 | E9: намаляване | F9: M1018 процедура при постъпване/напускане и лични акаунти; RBAC по роли; M1047 преглед на достъпа всяко тримесечие | G9: A.5.15, A.5.18, A.6.5 | H9: Управител | I9: 90 дни | K9: планиран | L9: 1 | M9: 4 | N9: =IF(OR(L9="",M9=""),"",L9*M9) -> 4
A10: R-09 | B10: A-11 | C10: Финансова загуба от имейл измама (BEC) | D10: =IFERROR(INDEX('Регистър на риска'!$I:$I,MATCH(A10,'Регистър на риска'!$A:$A,0)),"") -> 12 | E10: намаляване | F10: M1054 SPF/DKIM/DMARC (p=reject); M1017 обратно обаждане при смяна на банкови данни | G10: A.8.2, A.5.14 | H10: Управител | I10: 90 дни | J10: — | K10: планиран | L10: 1 | M10: 4 | N10: =IF(OR(L10="",M10=""),"",L10*M10) -> 4
A11: R-10 | B11: A-12 | C11: Унищожаване на резервните копия | D11: =IFERROR(INDEX('Регистър на риска'!$I:$I,MATCH(A11,'Регистър на риска'!$A:$A,0)),"") -> 10 | E11: намаляване | F11: M1053 офлайн/неизменимо копие с отделни права за достъп | G11: A.8.13 | H11: Ръководител ИТ | I11: 90 дни | J11: — | K11: планиран | L11: 1 | M11: 5 | N11: =IF(OR(L11="",M11=""),"",L11*M11) -> 5
A12: R-11 | B12: A-13, A-15 | C12: Изтичане на администраторски пароли | D12: =IFERROR(INDEX('Регистър на риска'!$I:$I,MATCH(A12,'Регистър на риска'!$A:$A,0)),"") -> 10 | E12: намаляване | F12: M1027 мениджър на пароли; M1026 лични администраторски акаунти и SSH с ключ | G12: A.5.17, A.8.2 | H12: Ръководител ИТ | I12: 90 дни | K12: планиран | L12: 1 | M12: 5 | N12: =IF(OR(L12="",M12=""),"",L12*M12) -> 5
A13: R-12 | B13: A-06 | C13: Отказ на складовата система | D13: =IFERROR(INDEX('Регистър на риска'!$I:$I,MATCH(A13,'Регистър на риска'!$A:$A,0)),"") -> 6 | E13: приемане | F13: — (приет от управителя на 14.10.2026; достъпът се ограничава от сегментацията на R-05) | G13: — | H13: Управител | I13: — | K13: приет | L13: 2 | M13: 3 | N13: =IF(OR(L13="",M13=""),"",L13*M13) -> 6
A14: R-13 | B14: A-09 | C14: Зловреден код от USB носител | D14: =IFERROR(INDEX('Регистър на риска'!$I:$I,MATCH(A14,'Регистър на риска'!$A:$A,0)),"") -> 6 | E14: приемане | F14: — (приет от управителя на 14.10.2026) | G14: — | H14: Управител | I14: — | J14: — | K14: приет | L14: 2 | M14: 3 | N14: =IF(OR(L14="",M14=""),"",L14*M14) -> 6
A15: R-14 | B15: A-04 | C15: Невъзможност за откриване и разследване на инцидент | D15: =IFERROR(INDEX('Регистър на риска'!$I:$I,MATCH(A15,'Регистър на риска'!$A:$A,0)),"") -> 9 | E15: намаляване | F15: M1029 централно логване извън сървъра; M1022 ограничени права до логовете | G15: A.8.15, A.8.16 | H15: Ръководител ИТ | I15: 90 дни | K15: планиран | L15: 2 | M15: 3 | N15: =IF(OR(L15="",M15=""),"",L15*M15) -> 6
A16: R-15 | B16: A-02 | C16: Неоторизирана промяна на маршрутни данни | D16: =IFERROR(INDEX('Регистър на риска'!$I:$I,MATCH(A16,'Регистър на риска'!$A:$A,0)),"") -> 4 | E16: приемане | F16: — (приет от оперативния директор на 14.10.2026) | G16: — | H16: Оперативен директор | I16: — | J16: — | K16: приет | L16: 1 | M16: 4 | N16: =IF(OR(L16="",M16=""),"",L16*M16) -> 4
A17: R-16 | B17: A-01, A-03 | C17: Компрометиране чрез доставчика на GPS платформата | D17: =IFERROR(INDEX('Регистър на риска'!$I:$I,MATCH(A17,'Регистър на риска'!$A:$A,0)),"") -> 10 | E17: прехвърляне | F17: Договорни клаузи (мерки, уведомяване до 24 ч, отговорност) + киберзастраховка; непрехвърлено остава прекъсването на работата | G17: A.5.19, A.5.20, A.5.21 | H17: Управител | I17: 90 дни | J17: — | K17: планиран | L17: 2 | M17: 4 | N17: =IF(OR(L17="",M17=""),"",L17*M17) -> 8
D18: =IFERROR(INDEX('Регистър на риска'!$I:$I,MATCH(A18,'Регистър на риска'!$A:$A,0)),"") | N18: =IF(OR(L18="",M18=""),"",L18*M18)
D19: =IFERROR(INDEX('Регистър на риска'!$I:$I,MATCH(A19,'Регистър на риска'!$A:$A,0)),"") | N19: =IF(OR(L19="",M19=""),"",L19*M19)
D20: =IFERROR(INDEX('Регистър на риска'!$I:$I,MATCH(A20,'Регистър на риска'!$A:$A,0)),"") | N20: =IF(OR(L20="",M20=""),"",L20*M20)
D21: =IFERROR(INDEX('Регистър на риска'!$I:$I,MATCH(A21,'Регистър на риска'!$A:$A,0)),"") | N21: =IF(OR(L21="",M21=""),"",L21*M21)
D22: =IFERROR(INDEX('Регистър на риска'!$I:$I,MATCH(A22,'Регистър на риска'!$A:$A,0)),"") | N22: =IF(OR(L22="",M22=""),"",L22*M22)
D23: =IFERROR(INDEX('Регистър на риска'!$I:$I,MATCH(A23,'Регистър на риска'!$A:$A,0)),"") | N23: =IF(OR(L23="",M23=""),"",L23*M23)
D24: =IFERROR(INDEX('Регистър на риска'!$I:$I,MATCH(A24,'Регистър на риска'!$A:$A,0)),"") | N24: =IF(OR(L24="",M24=""),"",L24*M24)
D25: =IFERROR(INDEX('Регистър на риска'!$I:$I,MATCH(A25,'Регистър на риска'!$A:$A,0)),"") | N25: =IF(OR(L25="",M25=""),"",L25*M25)
D26: =IFERROR(INDEX('Регистър на риска'!$I:$I,MATCH(A26,'Регистър на риска'!$A:$A,0)),"") | N26: =IF(OR(L26="",M26=""),"",L26*M26)
D27: =IFERROR(INDEX('Регистър на риска'!$I:$I,MATCH(A27,'Регистър на риска'!$A:$A,0)),"") | N27: =IF(OR(L27="",M27=""),"",L27*M27)
D28: =IFERROR(INDEX('Регистър на риска'!$I:$I,MATCH(A28,'Регистър на риска'!$A:$A,0)),"") | N28: =IF(OR(L28="",M28=""),"",L28*M28)
D29: =IFERROR(INDEX('Регистър на риска'!$I:$I,MATCH(A29,'Регистър на риска'!$A:$A,0)),"") | N29: =IF(OR(L29="",M29=""),"",L29*M29)
... D210: =IFERROR(INDEX('Регистър на риска'!$I:$I,MATCH(A210,'Регистър на риска'!$A:$A,0)),"") | N210: =IF(OR(L210="",M210=""),"",L210*M210)

Sheet Heat map
A1: Heat map – брой рискове по вероятност (P) и въздействие (I); апетит = Скали!B1
A3: P \ I | B3: 1 | C3: 2 | D3: 3 | E3: 4 | F3: 5
A4: 5 | B4: =COUNTIFS('Регистър на риска'!$G:$G,5,'Регистър на риска'!$H:$H,1) -> 0 | C4: =COUNTIFS('Регистър на риска'!$G:$G,5,'Регистър на риска'!$H:$H,2) -> 0 | D4: =COUNTIFS('Регистър на риска'!$G:$G,5,'Регистър на риска'!$H:$H,3) -> 0 | E4: =COUNTIFS('Регистър на риска'!$G:$G,5,'Регистър на риска'!$H:$H,4) -> 1 | F4: =COUNTIFS('Регистър на риска'!$G:$G,5,'Регистър на риска'!$H:$H,5) -> 0
A5: 4 | B5: =COUNTIFS('Регистър на риска'!$G:$G,4,'Регистър на риска'!$H:$H,1) -> 0 | C5: =COUNTIFS('Регистър на риска'!$G:$G,4,'Регистър на риска'!$H:$H,2) -> 0 | D5: =COUNTIFS('Регистър на риска'!$G:$G,4,'Регистър на риска'!$H:$H,3) -> 0 | E5: =COUNTIFS('Регистър на риска'!$G:$G,4,'Регистър на риска'!$H:$H,4) -> 1 | F5: =COUNTIFS('Регистър на риска'!$G:$G,4,'Регистър на риска'!$H:$H,5) -> 1
A6: 3 | B6: =COUNTIFS('Регистър на риска'!$G:$G,3,'Регистър на риска'!$H:$H,1) -> 0 | C6: =COUNTIFS('Регистър на риска'!$G:$G,3,'Регистър на риска'!$H:$H,2) -> 0 | D6: =COUNTIFS('Регистър на риска'!$G:$G,3,'Регистър на риска'!$H:$H,3) -> 1 | E6: =COUNTIFS('Регистър на риска'!$G:$G,3,'Регистър на риска'!$H:$H,4) -> 4 | F6: =COUNTIFS('Регистър на риска'!$G:$G,3,'Регистър на риска'!$H:$H,5) -> 1
A7: 2 | B7: =COUNTIFS('Регистър на риска'!$G:$G,2,'Регистър на риска'!$H:$H,1) -> 0 | C7: =COUNTIFS('Регистър на риска'!$G:$G,2,'Регистър на риска'!$H:$H,2) -> 0 | D7: =COUNTIFS('Регистър на риска'!$G:$G,2,'Регистър на риска'!$H:$H,3) -> 2 | E7: =COUNTIFS('Регистър на риска'!$G:$G,2,'Регистър на риска'!$H:$H,4) -> 1 | F7: =COUNTIFS('Регистър на риска'!$G:$G,2,'Регистър на риска'!$H:$H,5) -> 3
A8: 1 | B8: =COUNTIFS('Регистър на риска'!$G:$G,1,'Регистър на риска'!$H:$H,1) -> 0 | C8: =COUNTIFS('Регистър на риска'!$G:$G,1,'Регистър на риска'!$H:$H,2) -> 0 | D8: =COUNTIFS('Регистър на риска'!$G:$G,1,'Регистър на риска'!$H:$H,3) -> 0 | E8: =COUNTIFS('Регистър на риска'!$G:$G,1,'Регистър на риска'!$H:$H,4) -> 1 | F8: =COUNTIFS('Регистър на риска'!$G:$G,1,'Регистър на риска'!$H:$H,5) -> 0
A10: Зелено – нисък, жълто – умерен, оранжево – висок, червено – критичен
